[
  {
    "id": "5db20e1a46e6da3c6adb3b60",
    "__physicalFileName": "cms-element-5c27a4f6a0b03cc8a7641802_18mbjsku4liu.png",
    "name": "cms-element-5c27a4f6a0b03cc8a7641802_18mbjsku4liu.png",
    "size": 12177,
    "type": "image/png",
    "meta": {
      "width": 1000,
      "height": 296,
      "aspectRatio": 3.3783783783783785
    }
  },
  {
    "id": "5db20e1a46e6da3c6adb3b61",
    "__physicalFileName": "cms-element-5c27a54ca0b03cc8d9e32fcf_18mbjsku4shy.png",
    "name": "cms-element-5c27a54ca0b03cc8d9e32fcf_18mbjsku4shy.png",
    "size": 18793,
    "type": "image/png",
    "meta": {
      "width": 1000,
      "height": 385,
      "aspectRatio": 2.5974025974025974
    }
  },
  {
    "id": "5db20e1a46e6da3c6adb3b62",
    "__physicalFileName": "cms-element-5c27a580a0b03cc916a07ba7_18mbjsku4ykf.png",
    "name": "cms-element-5c27a580a0b03cc916a07ba7_18mbjsku4ykf.png",
    "size": 8245,
    "type": "image/png",
    "meta": {
      "width": 1000,
      "height": 295,
      "aspectRatio": 3.389830508474576
    }
  },
  {
    "id": "5db20e1a46e6da3c6adb3b63",
    "__physicalFileName": "cms-element-5c27a637a0b03cc957af63d0_p6ojr3ykrls.png",
    "name": "cms-element-5c27a637a0b03cc957af63d0_p6ojr3ykrls.png",
    "size": 32614,
    "type": "image/png",
    "meta": {
      "width": 1000,
      "height": 549,
      "aspectRatio": 1.8214936247723132
    }
  },
  {
    "id": "5db20e1a46e6da3c6adb3b64",
    "__physicalFileName": "cms-element-5c27a674a0b03cc97f75b0e4_18mbjsku5yef.png",
    "name": "cms-element-5c27a674a0b03cc97f75b0e4_18mbjsku5yef.png",
    "size": 43911,
    "type": "image/png",
    "meta": {
      "width": 1000,
      "height": 411,
      "aspectRatio": 2.4330900243309004
    }
  },
  {
    "id": "5db20e1a46e6da3c6adb3b65",
    "__physicalFileName": "cms-element-5c27a9b0a0b03cca5047aecd_18mbjsku66f6.png",
    "name": "cms-element-5c27a9b0a0b03cca5047aecd_18mbjsku66f6.png",
    "size": 8624,
    "type": "image/png",
    "meta": {
      "width": 1000,
      "height": 143,
      "aspectRatio": 6.993006993006993
    }
  },
  {
    "id": "5db20e1a46e6da3c6adb3b66",
    "__physicalFileName": "cms-element-5c27a9f2a0b03cca7a7e097b_18mbjsku6b97.png",
    "name": "cms-element-5c27a9f2a0b03cca7a7e097b_18mbjsku6b97.png",
    "size": 36055,
    "type": "image/png",
    "meta": {
      "width": 1000,
      "height": 435,
      "aspectRatio": 2.2988505747126435
    }
  },
  {
    "id": "5db20e1a46e6da3c6adb3b67",
    "__physicalFileName": "cms-element-5c27aa25a0b03cca9d24a68b_18mbjsku6l99.png",
    "name": "cms-element-5c27aa25a0b03cca9d24a68b_18mbjsku6l99.png",
    "size": 47274,
    "type": "image/png",
    "meta": {
      "width": 1000,
      "height": 495,
      "aspectRatio": 2.0202020202020203
    }
  },
  {
    "id": "5db20e1a46e6da3c6adb3b68",
    "__physicalFileName": "cms-element-5c27aa6da0b03ccad1fc57c2_18mbjskubc6n.png",
    "name": "cms-element-5c27aa6da0b03ccad1fc57c2_18mbjskubc6n.png",
    "size": 163422,
    "type": "image/png",
    "meta": {
      "width": 1000,
      "height": 555,
      "aspectRatio": 1.8018018018018018
    }
  },
  {
    "id": "5db20e1a46e6da3c6adb3b69",
    "__physicalFileName": "cms-element-5c27aa9ba0b03ccaf5c75cc8_18mbjskubxk9.png",
    "name": "cms-element-5c27aa9ba0b03ccaf5c75cc8_18mbjskubxk9.png",
    "size": 53005,
    "type": "image/png",
    "meta": {
      "width": 1000,
      "height": 510,
      "aspectRatio": 1.9607843137254901
    }
  },
  {
    "id": "5db20e1a46e6da3c6adb3b6a",
    "__physicalFileName": "cms-element-5c27aacaa0b03ccb18372e40_18mbjskuc3kc.png",
    "name": "cms-element-5c27aacaa0b03ccb18372e40_18mbjskuc3kc.png",
    "size": 22274,
    "type": "image/png",
    "meta": {
      "width": 1000,
      "height": 452,
      "aspectRatio": 2.2123893805309733
    }
  },
  {
    "id": "5db20e1a46e6da3c6adb3b6b",
    "__physicalFileName": "cms-element-5c27c7c6a0b03cd30e21c851_18mbjskucpek.png",
    "name": "cms-element-5c27c7c6a0b03cd30e21c851_18mbjskucpek.png",
    "size": 41621,
    "type": "image/png",
    "meta": {
      "width": 1000,
      "height": 491,
      "aspectRatio": 2.0366598778004072
    }
  },
  {
    "id": "5db20e1a46e6da3c6adb3b6c",
    "__physicalFileName": "cms-element-5c28e1b24527ee1c69754907_18mbjskucxa1.png",
    "name": "cms-element-5c28e1b24527ee1c69754907_18mbjskucxa1.png",
    "size": 35244,
    "type": "image/png",
    "meta": {
      "width": 1000,
      "height": 346,
      "aspectRatio": 2.8901734104046244
    }
  },
  {
    "id": "5db20e1a46e6da3c6adb3b6d",
    "__physicalFileName": "cms-element-5c28e598a0b03c1e2bf51a03_18mbjskudb81.png",
    "name": "cms-element-5c28e598a0b03c1e2bf51a03_18mbjskudb81.png",
    "size": 29002,
    "type": "image/png",
    "meta": {
      "width": 1000,
      "height": 653,
      "aspectRatio": 1.5313935681470139
    }
  },
  {
    "id": "5db20e1a46e6da3c6adb3b6e",
    "__physicalFileName": "cms-element-5c28ee3ea0b03c293dcc7a78_18mbjskudtpq.png",
    "name": "cms-element-5c28ee3ea0b03c293dcc7a78_18mbjskudtpq.png",
    "size": 25507,
    "type": "image/png",
    "meta": {
      "width": 1000,
      "height": 253,
      "aspectRatio": 3.952569169960474
    }
  },
  {
    "id": "5db20e1a46e6da3c6adb3b6f",
    "__physicalFileName": "cms-element-5c28f1f1a0b03c2a75aa50f3_18mbjskuebs3.png",
    "name": "cms-element-5c28f1f1a0b03c2a75aa50f3_18mbjskuebs3.png",
    "size": 46871,
    "type": "image/png",
    "meta": {
      "width": 1000,
      "height": 270,
      "aspectRatio": 3.7037037037037037
    }
  },
  {
    "id": "5db20e1a46e6da3c6adb3b70",
    "__physicalFileName": "cms-element-5c28f705a0b03c2c477f3d4d_18mbjskueswx.png",
    "name": "cms-element-5c28f705a0b03c2c477f3d4d_18mbjskueswx.png",
    "size": 34384,
    "type": "image/png",
    "meta": {
      "width": 1000,
      "height": 230,
      "aspectRatio": 4.3478260869565215
    }
  },
  {
    "id": "5db20e1a46e6da3c6adb3b71",
    "__physicalFileName": "cms-element-5c28f984a0b03c2d354b30a4_18mbjskuf67m.png",
    "name": "cms-element-5c28f984a0b03c2d354b30a4_18mbjskuf67m.png",
    "size": 60774,
    "type": "image/png",
    "meta": {
      "width": 1000,
      "height": 429,
      "aspectRatio": 2.331002331002331
    }
  },
  {
    "id": "5db20e1a46e6da3c6adb3b72",
    "__physicalFileName": "cms-element-5c29048aa0b03c3d5f5e9861_18mbjskufbqy.png",
    "name": "cms-element-5c29048aa0b03c3d5f5e9861_18mbjskufbqy.png",
    "size": 56973,
    "type": "image/png",
    "meta": {
      "width": 1000,
      "height": 337,
      "aspectRatio": 2.9673590504451037
    }
  },
  {
    "id": "5db20e1a46e6da3c6adb3b73",
    "__physicalFileName": "cms-element-5c29075aa0b03c3e562f40a6_cb9jqb78ab6.png",
    "name": "cms-element-5c29075aa0b03c3e562f40a6_cb9jqb78ab6.png",
    "size": 27722,
    "type": "image/png",
    "meta": {
      "width": 1000,
      "height": 239
    }
  },
  {
    "id": "5db20e1a46e6da3c6adb3b74",
    "__physicalFileName": "cms-element-5c2918aea0b03c430ebc1e22_18mbjskufr9e.png",
    "name": "cms-element-5c2918aea0b03c430ebc1e22_18mbjskufr9e.png",
    "size": 39268,
    "type": "image/png",
    "meta": {
      "width": 1000,
      "height": 342,
      "aspectRatio": 2.9239766081871346
    }
  },
  {
    "id": "5db20e1a46e6da3c6adb3b75",
    "__physicalFileName": "cms-element-5c2a1f70a0b03c6a2d3bc73c_18mbjskufxjb.png",
    "name": "cms-element-5c2a1f70a0b03c6a2d3bc73c_18mbjskufxjb.png",
    "size": 32913,
    "type": "image/png",
    "meta": {
      "width": 1000,
      "height": 427,
      "aspectRatio": 2.34192037470726
    }
  },
  {
    "id": "5db20e1a46e6da3c6adb3b76",
    "__physicalFileName": "cms-element-5c2a2363a0b03c6c45b5523b_18mbjskug5j4.png",
    "name": "cms-element-5c2a2363a0b03c6c45b5523b_18mbjskug5j4.png",
    "size": 54691,
    "type": "image/png",
    "meta": {
      "width": 1000,
      "height": 434,
      "aspectRatio": 2.304147465437788
    }
  },
  {
    "id": "5db20e1a46e6da3c6adb3b77",
    "__physicalFileName": "cms-element-5c2a2a1da0b03c7026ebe52d_18mbjskugcfc.png",
    "name": "cms-element-5c2a2a1da0b03c7026ebe52d_18mbjskugcfc.png",
    "size": 32189,
    "type": "image/png",
    "meta": {
      "width": 1000,
      "height": 208,
      "aspectRatio": 4.8076923076923075
    }
  },
  {
    "id": "5db20e1a46e6da3c6adb3b78",
    "__physicalFileName": "cms-element-5c2a2b71a0b03c70b7ce8142_m9ijqcfqykr.png",
    "name": "cms-element-5c2a2b71a0b03c70b7ce8142_m9ijqcfqykr.png",
    "size": 58576,
    "type": "image/png",
    "meta": {
      "width": 1000,
      "height": 675
    }
  },
  {
    "id": "5db20e1a46e6da3c6adb3b79",
    "__physicalFileName": "cms-element-5c2a31e0a0b03c7257e8e1ca_wh8jsjc8pgn.png",
    "name": "cms-element-5c2a31e0a0b03c7257e8e1ca_wh8jsjc8pgn.png",
    "size": 12412,
    "type": "image/png",
    "meta": {
      "width": 1000,
      "height": 166,
      "aspectRatio": 6.024096385542169
    }
  },
  {
    "id": "5db20e1a46e6da3c6adb3b7a",
    "__physicalFileName": "cms-element-5c2a32f9a0b03c72b4ae8151_wtjjsjctlls.png",
    "name": "cms-element-5c2a32f9a0b03c72b4ae8151_wtjjsjctlls.png",
    "size": 17930,
    "type": "image/png",
    "meta": {
      "width": 1000,
      "height": 347,
      "aspectRatio": 2.881844380403458
    }
  },
  {
    "id": "5db20e1a46e6da3c6adb3b7b",
    "__physicalFileName": "cms-element-5c2a3719a0b03c74cfe743bf_wtjjsjcvfte.png",
    "name": "cms-element-5c2a3719a0b03c74cfe743bf_wtjjsjcvfte.png",
    "size": 22832,
    "type": "image/png",
    "meta": {
      "width": 1000,
      "height": 448,
      "aspectRatio": 2.232142857142857
    }
  },
  {
    "id": "5db20e1a46e6da3c6adb3b7c",
    "__physicalFileName": "cms-element-5c2a3e6da0b03c772f71f2b1_wtjjsjcxrc1.png",
    "name": "cms-element-5c2a3e6da0b03c772f71f2b1_wtjjsjcxrc1.png",
    "size": 117376,
    "type": "image/png",
    "meta": {
      "width": 1000,
      "height": 474,
      "aspectRatio": 2.109704641350211
    }
  },
  {
    "id": "5db20e1a46e6da3c6adb3b7d",
    "__physicalFileName": "cms-element-5c2a4063a0b03c79300dbe63_18mbjskuhgpa.png",
    "name": "cms-element-5c2a4063a0b03c79300dbe63_18mbjskuhgpa.png",
    "size": 49113,
    "type": "image/png",
    "meta": {
      "width": 1000,
      "height": 386,
      "aspectRatio": 2.5906735751295336
    }
  },
  {
    "id": "5db20e1a46e6da3c6adb3b7e",
    "__physicalFileName": "cms-element-5c2a4331a0b03c7b862a9470_18mbjskuhnsv.png",
    "name": "cms-element-5c2a4331a0b03c7b862a9470_18mbjskuhnsv.png",
    "size": 65270,
    "type": "image/png",
    "meta": {
      "width": 1000,
      "height": 377,
      "aspectRatio": 2.6525198938992043
    }
  },
  {
    "id": "5db20e1a46e6da3c6adb3b7f",
    "__physicalFileName": "cms-element-5c2a5816a0b03c7fd639aea1_wtjjsjd1ypn.png",
    "name": "cms-element-5c2a5816a0b03c7fd639aea1_wtjjsjd1ypn.png",
    "size": 43676,
    "type": "image/png",
    "meta": {
      "width": 1000,
      "height": 352,
      "aspectRatio": 2.840909090909091
    }
  },
  {
    "id": "5db20e1a46e6da3c6adb3b80",
    "__physicalFileName": "cms-element-5c2a5a5aa0b03c807c4797d2_wtjjsjd68fx.png",
    "name": "cms-element-5c2a5a5aa0b03c807c4797d2_wtjjsjd68fx.png",
    "size": 26581,
    "type": "image/png",
    "meta": {
      "width": 1000,
      "height": 398,
      "aspectRatio": 2.512562814070352
    }
  },
  {
    "id": "5db20e1a46e6da3c6adb3b81",
    "__physicalFileName": "cms-element-5c2a5beaa0b03c80ecdc05c3_wtjjsjd6znz.png",
    "name": "cms-element-5c2a5beaa0b03c80ecdc05c3_wtjjsjd6znz.png",
    "size": 32775,
    "type": "image/png",
    "meta": {
      "width": 1000,
      "height": 459,
      "aspectRatio": 2.178649237472767
    }
  },
  {
    "id": "5db20e1a46e6da3c6adb3b82",
    "__physicalFileName": "cms-element-5c2a617ca0b03c826f4f87b6_18mbjskuhy1s.png",
    "name": "cms-element-5c2a617ca0b03c826f4f87b6_18mbjskuhy1s.png",
    "size": 62755,
    "type": "image/png",
    "meta": {
      "width": 1000,
      "height": 452,
      "aspectRatio": 2.2123893805309733
    }
  },
  {
    "id": "5db20e1a46e6da3c6adb3b83",
    "__physicalFileName": "cms-element-5c2a64dea0b03c8409063d4e_18mbjskuinj9.png",
    "name": "cms-element-5c2a64dea0b03c8409063d4e_18mbjskuinj9.png",
    "size": 78466,
    "type": "image/png",
    "meta": {
      "width": 1000,
      "height": 527,
      "aspectRatio": 1.8975332068311195
    }
  },
  {
    "id": "5db20e1a46e6da3c6adb3b84",
    "__physicalFileName": "cms-element-5c2a66eca0b03c854eec58c9_18mbjskuiv7j.png",
    "name": "cms-element-5c2a66eca0b03c854eec58c9_18mbjskuiv7j.png",
    "size": 68506,
    "type": "image/png",
    "meta": {
      "width": 1000,
      "height": 452,
      "aspectRatio": 2.2123893805309733
    }
  },
  {
    "id": "5db20e1a46e6da3c6adb3b85",
    "__physicalFileName": "cms-element-5c2a6a78a0b03c866f58d8f5_18mbjskuj14t.png",
    "name": "cms-element-5c2a6a78a0b03c866f58d8f5_18mbjskuj14t.png",
    "size": 62704,
    "type": "image/png",
    "meta": {
      "width": 1000,
      "height": 463,
      "aspectRatio": 2.159827213822894
    }
  },
  {
    "id": "5db20e1a46e6da3c6adb3b86",
    "__physicalFileName": "cms-element-5c2a73b8a0b03c881190553d_xbejsjdkxay.png",
    "name": "cms-element-5c2a73b8a0b03c881190553d_xbejsjdkxay.png",
    "size": 31162,
    "type": "image/png",
    "meta": {
      "width": 1000,
      "height": 511,
      "aspectRatio": 1.9569471624266144
    }
  },
  {
    "id": "5db20e1a46e6da3c6adb3b87",
    "__physicalFileName": "cms-element-5c2a76bea0b03c89968233ab_18mbjskujb3g.png",
    "name": "cms-element-5c2a76bea0b03c89968233ab_18mbjskujb3g.png",
    "size": 142346,
    "type": "image/png",
    "meta": {
      "width": 1000,
      "height": 895,
      "aspectRatio": 1.1173184357541899
    }
  },
  {
    "id": "5db20e1a46e6da3c6adb3b88",
    "__physicalFileName": "cms-element-5c2b5025a0b03caa0e00212d_xl9jqdod0e2.png",
    "name": "cms-element-5c2b5025a0b03caa0e00212d_xl9jqdod0e2.png",
    "size": 70602,
    "type": "image/png",
    "meta": {
      "width": 1000,
      "height": 428
    }
  },
  {
    "id": "5db20e1a46e6da3c6adb3b89",
    "__physicalFileName": "cms-element-5c2b5f49a0b03cba4b21c45f_18mbjsku30ay.png",
    "name": "cms-element-5c2b5f49a0b03cba4b21c45f_18mbjsku30ay.png",
    "size": 1041119,
    "type": "image/png",
    "meta": {
      "width": 1000,
      "height": 555,
      "aspectRatio": 1.8018018018018018
    }
  },
  {
    "id": "5db20e1a46e6da3c6adb3b8a",
    "__physicalFileName": "cms-element-5c2b6193a0b03cbb400dfe6f_18mbjsku3jhb.png",
    "name": "cms-element-5c2b6193a0b03cbb400dfe6f_18mbjsku3jhb.png",
    "size": 45700,
    "type": "image/png",
    "meta": {
      "width": 1000,
      "height": 415,
      "aspectRatio": 2.4096385542168677
    }
  },
  {
    "id": "5db20e1a46e6da3c6adb3b8b",
    "__physicalFileName": "cms-element-5c2b69bca0b03cbe22aedc7e_18mbjsku3qb9.png",
    "name": "cms-element-5c2b69bca0b03cbe22aedc7e_18mbjsku3qb9.png",
    "size": 820143,
    "type": "image/png",
    "meta": {
      "width": 1000,
      "height": 555,
      "aspectRatio": 1.8018018018018018
    }
  },
  {
    "id": "5db20e1a46e6da3c6adb3b8c",
    "__physicalFileName": "cms-element-5c2b6f97a0b03cc004e8f774_11xfjqdt5jud.png",
    "name": "cms-element-5c2b6f97a0b03cc004e8f774_11xfjqdt5jud.png",
    "size": 98365,
    "type": "image/png",
    "meta": {
      "width": 1000,
      "height": 720
    }
  },
  {
    "id": "5db20e1a46e6da3c6adb3b8d",
    "__physicalFileName": "cms-element-5c2b717fa0b03cc06940f946_18mbjsku3xn9.png",
    "name": "cms-element-5c2b717fa0b03cc06940f946_18mbjsku3xn9.png",
    "size": 64827,
    "type": "image/png",
    "meta": {
      "width": 1000,
      "height": 553,
      "aspectRatio": 1.8083182640144666
    }
  },
  {
    "id": "5db20e1a46e6da3c6adb3b8e",
    "__physicalFileName": "cms-element-5c44e2eda0b03cb61f089b9e_wtjjsjch9jb.png",
    "name": "cms-element-5c44e2eda0b03cb61f089b9e_wtjjsjch9jb.png",
    "size": 154631,
    "type": "image/png",
    "meta": {
      "width": 1000,
      "height": 438,
      "aspectRatio": 2.2831050228310503
    }
  },
  {
    "id": "5db20e1a46e6da3c6adb3b8f",
    "__physicalFileName": "cms-element-5c44e606a0b03cb73e7f86dc_wtjjsjcij6i.png",
    "name": "cms-element-5c44e606a0b03cb73e7f86dc_wtjjsjcij6i.png",
    "size": 229526,
    "type": "image/png",
    "meta": {
      "width": 1000,
      "height": 496,
      "aspectRatio": 2.0161290322580645
    }
  },
  {
    "id": "5db20e1a46e6da3c6adb3b90",
    "__physicalFileName": "cms-element-5c4c7a3d4527ee523b000247_wtjjsjcjuqz.png",
    "name": "cms-element-5c4c7a3d4527ee523b000247_wtjjsjcjuqz.png",
    "size": 132933,
    "type": "image/png",
    "meta": {
      "width": 1000,
      "height": 537,
      "aspectRatio": 1.86219739292365
    }
  },
  {
    "id": "5db20e1a46e6da3c6adb3b91",
    "__physicalFileName": "cms-element-5c4c7d774527ee531d35bf6b_18mbjskugsye.png",
    "name": "cms-element-5c4c7d774527ee531d35bf6b_18mbjskugsye.png",
    "size": 156687,
    "type": "image/png",
    "meta": {
      "width": 1000,
      "height": 303,
      "aspectRatio": 3.3003300330033003
    }
  },
  {
    "id": "5db20e1a46e6da3c6adb3b92",
    "__physicalFileName": "cms-element-5c4c7ecc4527ee53b8f767ed_wtjjsjcnqbg.png",
    "name": "cms-element-5c4c7ecc4527ee53b8f767ed_wtjjsjcnqbg.png",
    "size": 147896,
    "type": "image/png",
    "meta": {
      "width": 1000,
      "height": 326,
      "aspectRatio": 3.067484662576687
    }
  },
  {
    "id": "5db20e1a46e6da3c6adb3b93",
    "__physicalFileName": "cms-element-5c4c81b84527ee54e84a2672_xbejsjdp929.png",
    "name": "cms-element-5c4c81b84527ee54e84a2672_xbejsjdp929.png",
    "size": 73839,
    "type": "image/png",
    "meta": {
      "width": 1000,
      "height": 383,
      "aspectRatio": 2.6109660574412534
    }
  },
  {
    "id": "5db20e1a46e6da3c6adb3b94",
    "__physicalFileName": "cms-element-5c4cc3c54527ee60d2f79326_xbejsjdpi7d.png",
    "name": "cms-element-5c4cc3c54527ee60d2f79326_xbejsjdpi7d.png",
    "size": 69356,
    "type": "image/png",
    "meta": {
      "width": 1000,
      "height": 425,
      "aspectRatio": 2.3529411764705883
    }
  },
  {
    "id": "5db20e1a46e6da3c6adb3b95",
    "__physicalFileName": "cms-element-undefined_jm0jrdygdxn.png",
    "name": "cms-element-undefined_jm0jrdygdxn.png",
    "size": 36030,
    "type": "image/png",
    "meta": {
      "width": 1000,
      "height": 212,
      "aspectRatio": 4.716981132075472
    }
  },
  {
    "id": "5db20e1a46e6da3c6adb3b96",
    "__physicalFileName": "cms-element-5c54a1a0a0b03c0b06d038c7_xbejsjdpz3f.png",
    "name": "cms-element-5c54a1a0a0b03c0b06d038c7_xbejsjdpz3f.png",
    "size": 46821,
    "type": "image/png",
    "meta": {
      "width": 1000,
      "height": 213,
      "aspectRatio": 4.694835680751174
    }
  },
  {
    "id": "5db20e1a46e6da3c6adb3b97",
    "__physicalFileName": "cms-element-5c54a39fa0b03c0b8ea1ee7b_xbejsjdrsp9.png",
    "name": "cms-element-5c54a39fa0b03c0b8ea1ee7b_xbejsjdrsp9.png",
    "size": 73747,
    "type": "image/png",
    "meta": {
      "width": 1000,
      "height": 412,
      "aspectRatio": 2.4271844660194173
    }
  },
  {
    "__physicalFileName": "bg-1_3l9jq6iolsj.svg",
    "name": "bg-1_3l9jq6iolsj.svg",
    "type": "image/svg+xml",
    "size": 1358,
    "id": "5db20e1a46e6da3c6adb3b98"
  },
  {
    "__physicalFileName": "bg-2_k7xjq8418m8.svg",
    "name": "bg-2_k7xjq8418m8.svg",
    "type": "image/svg+xml",
    "size": 1358,
    "id": "5db20e1a46e6da3c6adb3b99"
  },
  {
    "__physicalFileName": "sitting-1_l4ijq87wlrw.svg",
    "name": "sitting-1_l4ijq87wlrw.svg",
    "type": "image/svg+xml",
    "size": 9851,
    "meta": {},
    "id": "5db20e1a46e6da3c6adb3b9a"
  },
  {
    "__physicalFileName": "bg1_o7xjq8cvx9o.svg",
    "name": "bg1_o7xjq8cvx9o.svg",
    "type": "image/svg+xml",
    "size": 1358,
    "id": "5db20e1a46e6da3c6adb3b9b"
  },
  {
    "__physicalFileName": "Wireframe_136yjq9o84uo.svg",
    "name": "Wireframe_136yjq9o84uo.svg",
    "type": "image/svg+xml",
    "size": 43073,
    "meta": {},
    "id": "5db20e1a46e6da3c6adb3b9c"
  },
  {
    "__physicalFileName": "phone-desktop_13fojq9otp2v.svg",
    "name": "phone-desktop_13fojq9otp2v.svg",
    "type": "image/svg+xml",
    "size": 18238,
    "meta": {},
    "id": "5db20e1a46e6da3c6adb3b9d"
  },
  {
    "__physicalFileName": "image-placeholder_15bdjq9trsoh.svg",
    "name": "image-placeholder_15bdjq9trsoh.svg",
    "type": "image/svg+xml",
    "size": 3140,
    "meta": {},
    "id": "5db20e1a46e6da3c6adb3b9e"
  },
  {
    "__physicalFileName": "image-placeholder_15bvjq9ts6mv.svg",
    "name": "image-placeholder_15bvjq9ts6mv.svg",
    "type": "image/svg+xml",
    "size": 3140,
    "meta": {},
    "id": "5db20e1a46e6da3c6adb3b9f"
  },
  {
    "__physicalFileName": "image-placeholder_15c7jq9tsaag.svg",
    "name": "image-placeholder_15c7jq9tsaag.svg",
    "type": "image/svg+xml",
    "size": 3140,
    "meta": {},
    "id": "5db20e1a46e6da3c6adb3ba0"
  },
  {
    "__physicalFileName": "undraw_teaching_f1cm_1dgxjqarr6hu.svg",
    "name": "undraw_teaching_f1cm_1dgxjqarr6hu.svg",
    "type": "image/svg+xml",
    "size": 27415,
    "meta": {},
    "id": "5db20e1a46e6da3c6adb3ba1"
  },
  {
    "__physicalFileName": "undraw_meditating_0nae_1dhejqars1z0.svg",
    "name": "undraw_meditating_0nae_1dhejqars1z0.svg",
    "type": "image/svg+xml",
    "size": 24229,
    "meta": {},
    "id": "5db20e1a46e6da3c6adb3ba2"
  },
  {
    "__physicalFileName": "image-placeholder_5t1jqb1vbil.svg",
    "name": "image-placeholder_5t1jqb1vbil.svg",
    "type": "image/svg+xml",
    "size": 3140,
    "meta": {},
    "id": "5db20e1a46e6da3c6adb3ba3"
  },
  {
    "__physicalFileName": "undraw_mobile_life_381t_8bzjqb3ucwi.svg",
    "name": "undraw_mobile_life_381t_8bzjqb3ucwi.svg",
    "type": "image/svg+xml",
    "size": 15269,
    "meta": {},
    "id": "5db20e1a46e6da3c6adb3ba4"
  },
  {
    "__physicalFileName": "Appstore_89djqb3p38k.svg",
    "name": "Appstore_89djqb3p38k.svg",
    "type": "image/svg+xml",
    "size": 14377,
    "meta": {},
    "id": "5db20e1a46e6da3c6adb3ba5"
  },
  {
    "__physicalFileName": "GooglePlay_89rjqb3pati.svg",
    "name": "GooglePlay_89rjqb3pati.svg",
    "type": "image/svg+xml",
    "size": 9800,
    "meta": {},
    "id": "5db20e1a46e6da3c6adb3ba6"
  },
  {
    "__physicalFileName": "logo-set-small_8frjqb41mgk.svg",
    "name": "logo-set-small_8frjqb41mgk.svg",
    "type": "image/svg+xml",
    "size": 12766,
    "meta": {},
    "id": "5db20e1a46e6da3c6adb3ba7"
  },
  {
    "__physicalFileName": "undraw_map_1r69_8ndjqb4ksje.svg",
    "name": "undraw_map_1r69_8ndjqb4ksje.svg",
    "type": "image/svg+xml",
    "size": 6591,
    "meta": {},
    "id": "5db20e1a46e6da3c6adb3ba8"
  },
  {
    "__physicalFileName": "hummans-template-1_8vujqb51kzg.svg",
    "name": "hummans-template-1_8vujqb51kzg.svg",
    "type": "image/svg+xml",
    "size": 26692,
    "meta": {},
    "id": "5db20e1a46e6da3c6adb3ba9"
  },
  {
    "__physicalFileName": "undraw_user_flow_vr6w_bxbjqb6nqbl.svg",
    "name": "undraw_user_flow_vr6w_bxbjqb6nqbl.svg",
    "type": "image/svg+xml",
    "size": 29770,
    "meta": {},
    "id": "5db20e1a46e6da3c6adb3baa"
  },
  {
    "__physicalFileName": "undraw_static_assets_rpm6(1)_bxqjqb6nwmz.svg",
    "name": "undraw_static_assets_rpm6(1)_bxqjqb6nwmz.svg",
    "type": "image/svg+xml",
    "size": 36759,
    "meta": {},
    "id": "5db20e1a46e6da3c6adb3bab"
  },
  {
    "__physicalFileName": "undraw_mobile_browsers_lib5_by2jqb6o1ez.svg",
    "name": "undraw_mobile_browsers_lib5_by2jqb6o1ez.svg",
    "type": "image/svg+xml",
    "size": 100300,
    "meta": {},
    "id": "5db20e1a46e6da3c6adb3bac"
  },
  {
    "__physicalFileName": "image-placeholder_146fjq9q90jt.svg",
    "name": "image-placeholder_146fjq9q90jt.svg",
    "type": "image/svg+xml",
    "size": 3140,
    "meta": {},
    "id": "5db20e1a46e6da3c6adb3bad"
  },
  {
    "__physicalFileName": "bg-3_kqzjqcdp19p.svg",
    "name": "bg-3_kqzjqcdp19p.svg",
    "type": "image/svg+xml",
    "size": 1358,
    "id": "5db20e1a46e6da3c6adb3bae"
  },
  {
    "__physicalFileName": "bg-2_l3kjqce811p.svg",
    "name": "bg-2_l3kjqce811p.svg",
    "type": "image/svg+xml",
    "size": 1358,
    "id": "5db20e1a46e6da3c6adb3baf"
  },
  {
    "__physicalFileName": "undraw_wireframing_nxyi_m4hjqcfh1t9.svg",
    "name": "undraw_wireframing_nxyi_m4hjqcfh1t9.svg",
    "type": "image/svg+xml",
    "size": 31993,
    "meta": {},
    "id": "5db20e1a46e6da3c6adb3bb0"
  },
  {
    "__physicalFileName": "bg-1_n3wjqchkdl4.svg",
    "name": "bg-1_n3wjqchkdl4.svg",
    "type": "image/svg+xml",
    "size": 1358,
    "id": "5db20e1a46e6da3c6adb3bb1"
  },
  {
    "__physicalFileName": "undraw_server_status_5pbv_nwijqciww87.svg",
    "name": "undraw_server_status_5pbv_nwijqciww87.svg",
    "type": "image/svg+xml",
    "size": 22885,
    "meta": {},
    "id": "5db20e1a46e6da3c6adb3bb2"
  },
  {
    "__physicalFileName": "undraw_to_do_list_a49b_od0jqcjbscy.svg",
    "name": "undraw_to_do_list_a49b_od0jqcjbscy.svg",
    "type": "image/svg+xml",
    "size": 33363,
    "meta": {},
    "id": "5db20e1a46e6da3c6adb3bb3"
  },
  {
    "__physicalFileName": "X_phyjqcn5v5x.svg",
    "name": "X_phyjqcn5v5x.svg",
    "type": "image/svg+xml",
    "size": 7286,
    "meta": {},
    "id": "5db20e1a46e6da3c6adb3bb4"
  },
  {
    "__physicalFileName": "X_phyjqcn5v5x.svg",
    "name": "X_phyjqcn5v5x.svg",
    "type": "image/svg+xml",
    "size": 7286,
    "meta": {},
    "id": "5db20e1a46e6da3c6adb3bb5"
  },
  {
    "__physicalFileName": "X_phyjqcn5v5x.svg",
    "name": "X_phyjqcn5v5x.svg",
    "type": "image/svg+xml",
    "size": 7286,
    "meta": {},
    "id": "5db20e1a46e6da3c6adb3bb6"
  },
  {
    "__physicalFileName": "bg-1_qfgjqcp2um2.svg",
    "name": "bg-1_qfgjqcp2um2.svg",
    "type": "image/svg+xml",
    "size": 4745,
    "meta": {},
    "id": "5db20e1a46e6da3c6adb3bb7"
  },
  {
    "__physicalFileName": "bg-2_qgjjqcp4wvp.svg",
    "name": "bg-2_qgjjqcp4wvp.svg",
    "type": "image/svg+xml",
    "size": 2155,
    "meta": {},
    "id": "5db20e1a46e6da3c6adb3bb8"
  },
  {
    "__physicalFileName": "bg-3_qj8jqcpc0ad.svg",
    "name": "bg-3_qj8jqcpc0ad.svg",
    "type": "image/svg+xml",
    "size": 6777,
    "meta": {},
    "id": "5db20e1a46e6da3c6adb3bb9"
  },
  {
    "__physicalFileName": "undraw_mobile_browsers_lib5_r4ajqcr4ofq.svg",
    "name": "undraw_mobile_browsers_lib5_r4ajqcr4ofq.svg",
    "type": "image/svg+xml",
    "size": 100300,
    "meta": {},
    "id": "5db20e1a46e6da3c6adb3bba"
  },
  {
    "__physicalFileName": "undraw_static_assets_rpm6(1)_r5djqcr6qmb.svg",
    "name": "undraw_static_assets_rpm6(1)_r5djqcr6qmb.svg",
    "type": "image/svg+xml",
    "size": 36759,
    "meta": {},
    "id": "5db20e1a46e6da3c6adb3bbb"
  },
  {
    "__physicalFileName": "undraw_mobile_life_381t_r5sjqcr7604.svg",
    "name": "undraw_mobile_life_381t_r5sjqcr7604.svg",
    "type": "image/svg+xml",
    "size": 15269,
    "meta": {},
    "id": "5db20e1a46e6da3c6adb3bbc"
  },
  {
    "__physicalFileName": "undraw_wind_turbine_x2k4_xkfjqdobeei.svg",
    "name": "undraw_wind_turbine_x2k4_xkfjqdobeei.svg",
    "type": "image/svg+xml",
    "size": 20936,
    "meta": {},
    "id": "5db20e1a46e6da3c6adb3bbd"
  },
  {
    "__physicalFileName": "architecture-1846684_1920-min_xbjjr52fgq1.jpeg",
    "name": "architecture-1846684_1920-min_xbjjr52fgq1.jpeg",
    "type": "image/jpeg",
    "size": 1358,
    "id": "5db20e1a46e6da3c6adb3bbe"
  },
  {
    "__physicalFileName": "58px_10jrjqdqchjd.svg",
    "name": "58px_10jrjqdqchjd.svg",
    "type": "image/svg+xml",
    "size": 1823,
    "meta": {},
    "id": "5db20e1a46e6da3c6adb3bbf"
  },
  {
    "__physicalFileName": "X_10yjjqdqyejr.svg",
    "name": "X_10yjjqdqyejr.svg",
    "type": "image/svg+xml",
    "size": 7286,
    "meta": {},
    "id": "5db20e1a46e6da3c6adb3bc0"
  },
  {
    "__physicalFileName": "background-1462755_1920-min_xcujr52ga5e.jpeg",
    "name": "background-1462755_1920-min_xcujr52ga5e.jpeg",
    "type": "image/jpeg",
    "size": 1358,
    "id": "5db20e1a46e6da3c6adb3bc1"
  },
  {
    "__physicalFileName": "browser-mock-cutout_11wrjqdt4cav.svg",
    "name": "browser-mock-cutout_11wrjqdt4cav.svg",
    "type": "image/svg+xml",
    "size": 3937,
    "meta": {},
    "id": "5db20e1a46e6da3c6adb3bc2"
  },
  {
    "__physicalFileName": "undraw_upload_87y9_11zjjqdtdlou.svg",
    "name": "undraw_upload_87y9_11zjjqdtdlou.svg",
    "type": "image/svg+xml",
    "size": 49860,
    "meta": {},
    "id": "5db20e1a46e6da3c6adb3bc3"
  },
  {
    "__physicalFileName": "team-picture-1_zi2jr5ddber.png",
    "name": "team-picture-1_zi2jr5ddber.png",
    "type": "image/png",
    "size": 369979,
    "meta": {
      "width": 500,
      "height": 500,
      "aspectRatio": 1
    },
    "id": "5db20e1a46e6da3c6adb3bc4"
  },
  {
    "__physicalFileName": "team-picture-2_zmcjr5dm6mr.png",
    "name": "team-picture-2_zmcjr5dm6mr.png",
    "type": "image/png",
    "size": 344057,
    "meta": {
      "width": 500,
      "height": 500,
      "aspectRatio": 1
    },
    "id": "5db20e1a46e6da3c6adb3bc5"
  },
  {
    "__physicalFileName": "team-picture-3_zn7jr5dmbg2.png",
    "name": "team-picture-3_zn7jr5dmbg2.png",
    "type": "image/png",
    "size": 345209,
    "meta": {
      "width": 500,
      "height": 500,
      "aspectRatio": 1
    },
    "id": "5db20e1a46e6da3c6adb3bc6"
  },
  {
    "__physicalFileName": "team-picture-4_zo0jr5dmfki.png",
    "name": "team-picture-4_zo0jr5dmfki.png",
    "type": "image/png",
    "size": 415008,
    "meta": {
      "width": 500,
      "height": 500,
      "aspectRatio": 1
    },
    "id": "5db20e1a46e6da3c6adb3bc7"
  },
  {
    "__physicalFileName": "team-picture-round-1_102pjr5egp5r.png",
    "name": "team-picture-round-1_102pjr5egp5r.png",
    "type": "image/png",
    "size": 361721,
    "meta": {
      "width": 504,
      "height": 504,
      "aspectRatio": 1
    },
    "id": "5db20e1a46e6da3c6adb3bc8"
  },
  {
    "__physicalFileName": "team-picture-round-2_104rjr5elqsb.png",
    "name": "team-picture-round-2_104rjr5elqsb.png",
    "type": "image/png",
    "size": 306322,
    "meta": {
      "width": 504,
      "height": 504,
      "aspectRatio": 1
    },
    "id": "5db20e1a46e6da3c6adb3bc9"
  },
  {
    "__physicalFileName": "team-picture-round-3_105kjr5elumz.png",
    "name": "team-picture-round-3_105kjr5elumz.png",
    "type": "image/png",
    "size": 346943,
    "meta": {
      "width": 504,
      "height": 504,
      "aspectRatio": 1
    },
    "id": "5db20e1a46e6da3c6adb3bca"
  },
  {
    "__physicalFileName": "team-picture-1_g3pjrdm7emt.png",
    "name": "team-picture-1_g3pjrdm7emt.png",
    "type": "image/png",
    "size": 369979,
    "meta": {
      "width": 500,
      "height": 500,
      "aspectRatio": 1
    },
    "id": "5db20e1a46e6da3c6adb3bcb"
  },
  {
    "__physicalFileName": "team-picture-2_g5zjrdmc68a.png",
    "name": "team-picture-2_g5zjrdmc68a.png",
    "type": "image/png",
    "size": 344057,
    "meta": {
      "width": 500,
      "height": 500,
      "aspectRatio": 1
    },
    "id": "5db20e1a46e6da3c6adb3bcc"
  },
  {
    "__physicalFileName": "team-picture-3_g6tjrdmcb51.png",
    "name": "team-picture-3_g6tjrdmcb51.png",
    "type": "image/png",
    "size": 345209,
    "meta": {
      "width": 500,
      "height": 500,
      "aspectRatio": 1
    },
    "id": "5db20e1a46e6da3c6adb3bcd"
  },
  {
    "__physicalFileName": "team-picture-4_g7mjrdmcf9d.png",
    "name": "team-picture-4_g7mjrdmcf9d.png",
    "type": "image/png",
    "size": 415008,
    "meta": {
      "width": 500,
      "height": 500,
      "aspectRatio": 1
    },
    "id": "5db20e1a46e6da3c6adb3bce"
  },
  {
    "__physicalFileName": "team-picture-4_gaijrdmgrlt.png",
    "name": "team-picture-4_gaijrdmgrlt.png",
    "type": "image/png",
    "size": 415008,
    "meta": {
      "width": 500,
      "height": 500,
      "aspectRatio": 1
    },
    "id": "5db20e1a46e6da3c6adb3bcf"
  },
  {
    "__physicalFileName": "facebook-44px_gedjrdmty9e.svg",
    "name": "facebook-44px_gedjrdmty9e.svg",
    "type": "image/svg+xml",
    "size": 2544,
    "meta": {},
    "id": "5db20e1a46e6da3c6adb3bd0"
  },
  {
    "__physicalFileName": "twitter-44px_geijrdmu7ei.svg",
    "name": "twitter-44px_geijrdmu7ei.svg",
    "type": "image/svg+xml",
    "size": 2663,
    "meta": {},
    "id": "5db20e1a46e6da3c6adb3bd1"
  },
  {
    "__physicalFileName": "team-picture-round-3_wtjjsjcn2m4.png",
    "name": "team-picture-round-3_wtjjsjcn2m4.png",
    "type": "image/png",
    "size": 346943,
    "meta": {
      "width": 504,
      "height": 504,
      "aspectRatio": 1
    },
    "id": "5db20e1a46e6da3c6adb3bd2"
  },
  {
    "__physicalFileName": "team-picture-round-2_gpvjrdnegk9.png",
    "name": "team-picture-round-2_gpvjrdnegk9.png",
    "type": "image/png",
    "size": 306322,
    "meta": {
      "width": 504,
      "height": 504,
      "aspectRatio": 1
    },
    "id": "5db20e1a46e6da3c6adb3bd3"
  },
  {
    "__physicalFileName": "bg-3_gskjrdnke8f.svg",
    "name": "bg-3_gskjrdnke8f.svg",
    "type": "image/svg+xml",
    "size": 1358,
    "id": "5db20e1a46e6da3c6adb3bd4"
  },
  {
    "__physicalFileName": "team-picture-round-2_gpvjrdnegk9.png",
    "name": "team-picture-round-2_gpvjrdnegk9.png",
    "type": "image/png",
    "size": 306322,
    "meta": {
      "width": 504,
      "height": 504,
      "aspectRatio": 1
    },
    "id": "5db20e1a46e6da3c6adb3bd5"
  },
  {
    "__physicalFileName": "team-picture-round-1_ji6jrdy6a59.png",
    "name": "team-picture-round-1_ji6jrdy6a59.png",
    "type": "image/png",
    "size": 361721,
    "meta": {
      "width": 504,
      "height": 504,
      "aspectRatio": 1
    },
    "id": "5db20e1a46e6da3c6adb3bd6"
  },
  {
    "__physicalFileName": "team-picture-round-2_jivjrdy84q0.png",
    "name": "team-picture-round-2_jivjrdy84q0.png",
    "type": "image/png",
    "size": 306322,
    "meta": {
      "width": 504,
      "height": 504,
      "aspectRatio": 1
    },
    "id": "5db20e1a46e6da3c6adb3bd7"
  },
  {
    "__physicalFileName": "shape-1_22vjrmga04t.svg",
    "name": "shape-1_22vjrmga04t.svg",
    "type": "image/svg+xml",
    "size": 1358,
    "id": "5db20e1a46e6da3c6adb3bd8"
  },
  {
    "__physicalFileName": "team-picture-3_1yjjrmftme9.png",
    "name": "team-picture-3_1yjjrmftme9.png",
    "type": "image/png",
    "size": 345209,
    "meta": {
      "width": 500,
      "height": 500,
      "aspectRatio": 1
    },
    "id": "5db20e1a46e6da3c6adb3bd9"
  },
  {
    "__physicalFileName": "team-picture-4_240jrmgcwcy.png",
    "name": "team-picture-4_240jrmgcwcy.png",
    "type": "image/png",
    "size": 415008,
    "meta": {
      "width": 500,
      "height": 500,
      "aspectRatio": 1
    },
    "id": "5db20e1a46e6da3c6adb3bda"
  },
  {
    "__physicalFileName": "shape-3_285jrmgo90j.svg",
    "name": "shape-3_285jrmgo90j.svg",
    "type": "image/svg+xml",
    "size": 1358,
    "id": "5db20e1a46e6da3c6adb3bdb"
  },
  {
    "__physicalFileName": "team-picture-2_26vjrmgl9xw.png",
    "name": "team-picture-2_26vjrmgl9xw.png",
    "type": "image/png",
    "size": 344057,
    "meta": {
      "width": 500,
      "height": 500,
      "aspectRatio": 1
    },
    "id": "5db20e1a46e6da3c6adb3bdc"
  },
  {
    "__physicalFileName": "team-picture-1_28pjrmgqbwt.png",
    "name": "team-picture-1_28pjrmgqbwt.png",
    "type": "image/png",
    "size": 369979,
    "meta": {
      "width": 500,
      "height": 500,
      "aspectRatio": 1
    },
    "id": "5db20e1a46e6da3c6adb3bdd"
  },
  {
    "__physicalFileName": "team-picture-4_28wjrmgqhfx.png",
    "name": "team-picture-4_28wjrmgqhfx.png",
    "type": "image/png",
    "size": 415008,
    "meta": {
      "width": 500,
      "height": 500,
      "aspectRatio": 1
    },
    "id": "5db20e1a46e6da3c6adb3bde"
  }
]
