[
  {
    "id": "5db3410646e6da8d61cc138b",
    "__physicalFileName": "cms-basic-admin-overview_e2ljshs0ktb.png",
    "name": "cms-basic-admin-overview_e2ljshs0ktb.png",
    "key": "cms-basic-admin-overview_e2ljshs0ktb.png",
    "size": 1358,
    "type": "image/png",
    "meta": {}
  },
  {
    "id": "5db3410646e6da8d61cc138c",
    "__physicalFileName": "cms-basic-admin-overview_e2ljshs0ktb.png",
    "name": "cms-basic-admin-overview_e2ljshs0ktb.png",
    "key": "cms-basic-admin-overview_e2ljshs0ktb.png",
    "size": 1358,
    "type": "image/png",
    "meta": {}
  },
  {
    "id": "5db3410646e6da8d61cc138d",
    "__physicalFileName": "laptop-3190194_1280_vp7jt4tid20.jpeg",
    "name": "laptop-3190194_1280_vp7jt4tid20.jpeg",
    "key": "laptop-3190194_1280_vp7jt4tid20.jpeg",
    "size": 1358,
    "type": "image/jpeg",
    "meta": {}
  },
  {
    "id": "5db3410646e6da8d61cc138e",
    "__physicalFileName": "laptop-3190194_1280_vp7jt4tid20.jpeg",
    "name": "laptop-3190194_1280_vp7jt4tid20.jpeg",
    "key": "laptop-3190194_1280_vp7jt4tid20.jpeg",
    "size": 1358,
    "type": "image/jpeg",
    "meta": {}
  },
  {
    "id": "5db3410646e6da8d61cc138f",
    "__physicalFileName": "blonde-629726_1280_vp7jt4tfa97.jpeg",
    "name": "blonde-629726_1280_vp7jt4tfa97.jpeg",
    "key": "blonde-629726_1280_vp7jt4tfa97.jpeg",
    "size": 170116,
    "type": "image/jpeg",
    "meta": {}
  },
  {
    "id": "5db3410646e6da8d61cc1390",
    "__physicalFileName": "blonde-629726_1280_vp7jt4tfa97.jpeg",
    "name": "blonde-629726_1280_vp7jt4tfa97.jpeg",
    "key": "blonde-629726_1280_vp7jt4tfa97.jpeg",
    "size": 170116,
    "type": "image/jpeg",
    "meta": {}
  },
  {
    "__physicalFileName": "undraw_page_not_found_su7k_1b8ujs7v2x7p.svg",
    "name": "undraw_page_not_found_su7k_1b8ujs7v2x7p.svg",
    "type": "image/svg+xml",
    "size": 21104,
    "meta": {},
    "id": "5db3410646e6da8d61cc1391"
  },
  {
    "__physicalFileName": "undraw_warning_cyit_1b8ujs7vdjzp.svg",
    "name": "undraw_warning_cyit_1b8ujs7vdjzp.svg",
    "type": "image/svg+xml",
    "size": 37173,
    "meta": {},
    "id": "5db3410646e6da8d61cc1392"
  },
  {
    "__physicalFileName": "Screenshot2019-02-16at19.41.25_1chojs7y1wbf.png",
    "name": "Screenshot2019-02-16at19.41.25_1chojs7y1wbf.png",
    "type": "image/png",
    "size": 67223,
    "meta": {
      "width": 1920,
      "height": 773,
      "aspectRatio": 2.483829236739974
    },
    "id": "5db3410646e6da8d61cc1393"
  },
  {
    "__physicalFileName": "Screenshot2019-02-16at20.40.53_1chojs7y5u8l.png",
    "name": "Screenshot2019-02-16at20.40.53_1chojs7y5u8l.png",
    "type": "image/png",
    "size": 89556,
    "meta": {
      "width": 1920,
      "height": 840,
      "aspectRatio": 2.2857142857142856
    },
    "id": "5db3410646e6da8d61cc1394"
  }
]
